{
  "train_loss": [
    0.5767588953381961,
    0.4734009842282718,
    0.4614720077244277,
    0.44560017352251663,
    0.4268528908183894,
    0.4349668539061989,
    0.42372783035347145,
    0.4183259434306744,
    0.3997259336648528,
    0.3823262972315562,
    0.38751807102223035,
    0.3758856472895317,
    0.37598645379862833,
    0.3703800476703447,
    0.36821037500175,
    0.36479625474546373,
    0.3531985347418441,
    0.34107480866392864,
    0.33775642360608604,
    0.3384309801244244,
    0.3374736213806978,
    0.32841483680243344,
    0.332187431374776,
    0.31716391474930283,
    0.3163317088613805,
    0.3146433867130083,
    0.3115622041766177,
    0.3088331299344289,
    0.3023013724494226,
    0.30733478192201596,
    0.30119280424929157,
    0.29662661684542585,
    0.30263629801494557,
    0.30187463330239367,
    0.29606566985243377,
    0.2920143850070914,
    0.2933430020342168,
    0.29661375591435385,
    0.2963630474105324,
    0.28564705092882375,
    0.2802503096688654,
    0.2922431984820317,
    0.2816166636562839,
    0.281175991462678,
    0.2778631345820181,
    0.28051870416120156,
    0.2762724098163782,
    0.273274969040733,
    0.2813173893493475,
    0.2755945072960608,
    0.2735392626413365,
    0.2699271518852293,
    0.2755262627429569,
    0.2662946273063876,
    0.27068192888166487,
    0.2698214945104933,
    0.2671023189407034,
    0.2644776165792623,
    0.2641300708055496,
    0.2616124131630376,
    0.2603017054882246
  ],
  "val_loss": [
    0.22042367963687234,
    0.283724290440264,
    0.20237925324750983,
    0.2624985041177791,
    0.2972671742672506,
    0.1894981154119191,
    0.20245928268717683,
    0.18355800276217255,
    0.20209011273539584,
    0.20067844021579492,
    0.1561779564489489,
    0.14734683266800383,
    0.43518936682654463,
    0.26765664326755895,
    0.14755738996293233,
    0.16799859103301298,
    0.23127489391228426,
    0.21775251141060953,
    0.12055161984070488,
    0.15287827797557996,
    0.1705750789007415,
    0.1669898075254067,
    0.15771848141499187,
    0.11732367053627968,
    0.10975839084257251,
    0.19064228722582693,
    0.16849769619495972,
    0.10700352457554443,
    0.09516151476165523,
    0.13343660015126932,
    0.10484114516040553,
    0.13808649276261745,
    0.10446441351719525,
    0.20929969685233157,
    0.09923495109314504,
    0.12821965729412826,
    0.1740716407480447,
    0.13853130683950757,
    0.08118481739707616,
    0.10260536392097888,
    0.07728612568715344,
    0.10691374929054924,
    0.09736671800846639,
    0.10834803545604581,
    0.11924557646979457,
    0.0723657620989758,
    0.08067737471150316,
    0.08287400590336841,
    0.0776222184624361,
    0.08311841150988704,
    0.07294144465223602,
    0.07292760779028354,
    0.07151210777785467,
    0.0829239975175132,
    0.07644357629444289,
    0.09084057046667389,
    0.12083757182826167,
    0.0826214300873487,
    0.09508744611040405,
    0.07594297583336415,
    0.0664372619079507
  ],
  "train_acc": [
    0.8668708195664437,
    0.9130469820291723,
    0.9160286888548634,
    0.9224756225320332,
    0.9283584495124506,
    0.9269078894350874,
    0.9297284229188493,
    0.9308566363123539,
    0.9402046901442501,
    0.9447981303892337,
    0.9431863969699412,
    0.945362237085986,
    0.9462486904665969,
    0.9506809573696511,
    0.9501974373438633,
    0.9536626641953421,
    0.9564831976791038,
    0.9613989846079458,
    0.9637359980659199,
    0.9611572245950519,
    0.9624466113304859,
    0.9674429849302926,
    0.9659924248529294,
    0.9705052784269482,
    0.9721975985172052,
    0.9726005318720283,
    0.9723587718591346,
    0.9754210653557902,
    0.976307518736401,
    0.9761463453944718,
    0.9787251188653396,
    0.9800950922717383,
    0.9751793053428963,
    0.978241598839552,
    0.9809009589813845,
    0.9809009589813845,
    0.9793698122330566,
    0.9798533322588444,
    0.978886292207269,
    0.9839632524780402,
    0.9851720525425095,
    0.9807397856394552,
    0.9855749858973326,
    0.9859779192521557,
    0.9872673059875896,
    0.9857361592392618,
    0.9871061326456604,
    0.9875090660004835,
    0.9853332258844387,
    0.9870255459746958,
    0.9875896526714482,
    0.9892013860907406,
    0.987186719316625,
    0.9906519461681038,
    0.9892013860907406,
    0.9896849061165284,
    0.9912160528648561,
    0.9911354661938915,
    0.9909742928519623,
    0.9911354661938915,
    0.9931501329680071
  ],
  "val_acc": [
    0.9407848633496847,
    0.8836720392431675,
    0.9460406447091801,
    0.893833216538192,
    0.9088997897687456,
    0.9512964260686756,
    0.9484933426769446,
    0.9505956552207429,
    0.9558514365802383,
    0.9516468114926419,
    0.9625087596355991,
    0.9646110721793973,
    0.906447091800981,
    0.9088997897687456,
    0.9632095304835319,
    0.9498948843728101,
    0.9421864050455501,
    0.9281709880868956,
    0.9751226348983882,
    0.9660126138752628,
    0.9544498948843728,
    0.9491941135248774,
    0.9509460406447092,
    0.979677645409951,
    0.975823405746321,
    0.9453398738612474,
    0.964260686755431,
    0.9779257182901191,
    0.9807288016818501,
    0.9600560616678346,
    0.9737210932025228,
    0.9681149264190609,
    0.9782761037140855,
    0.9474421864050455,
    0.98458304134548,
    0.96916608269096,
    0.9607568325157674,
    0.9674141555711282,
    0.9891380518570427,
    0.9765241765942537,
    0.9905395935529082,
    0.9744218640504555,
    0.9793272599859846,
    0.9775753328661527,
    0.9709180098107919,
    0.9922915206727401,
    0.9852838121934128,
    0.98458304134548,
    0.9866853538892782,
    0.9880868955851436,
    0.9915907498248073,
    0.9919411352487737,
    0.9901892081289418,
    0.9842326559215137,
    0.9863349684653119,
    0.9842326559215137,
    0.9789768745620182,
    0.98843728100911,
    0.9810791871058164,
    0.9894884372810091,
    0.991240364400841
  ],
  "train_macro_f1": [
    0.8476795713214317,
    0.8959546433630438,
    0.8984523264766162,
    0.9069473273270703,
    0.9138116106111689,
    0.9129724002772134,
    0.9164436824718077,
    0.9173209997572602,
    0.9281730808745031,
    0.9333254194241241,
    0.9323116616889863,
    0.9349262071348168,
    0.9354728657015963,
    0.9416342412030814,
    0.9403198815806683,
    0.9462926359872877,
    0.9485260369512225,
    0.9540009292160784,
    0.9570650038708663,
    0.9542148094407785,
    0.9551814467208011,
    0.961287476956616,
    0.9593769089276414,
    0.9646750873244212,
    0.9671013501798544,
    0.9670487658652706,
    0.9666709040553403,
    0.9703022697116003,
    0.9717884840786283,
    0.9715245173239632,
    0.9740046359931667,
    0.9758771491245921,
    0.9705451970169987,
    0.9736252927965161,
    0.9767922611358415,
    0.976328031820761,
    0.975280455138256,
    0.9750651330175065,
    0.9749111249602217,
    0.9801902469996098,
    0.9816867039031338,
    0.9763639114323437,
    0.9823873844956564,
    0.982338741377907,
    0.9841751803787503,
    0.9821050775566601,
    0.983870130759413,
    0.9841213793095628,
    0.9819923119793827,
    0.9839232328478811,
    0.9847741857787421,
    0.9863235672675816,
    0.9839027059475889,
    0.9879810347463955,
    0.9865416898890984,
    0.9871500756715286,
    0.9889073726260896,
    0.9887005842538518,
    0.9888012498535776,
    0.9887321160359122,
    0.9913082665431533
  ],