{
  "model_name": "cnn",
  "fraction": 0.1,
  "fraction_percent": 10,
  "run_dir": "02_fy_vit_cnn/runs/assignment_suite/cnn_fraction_010",
  "checkpoint_path": "",
  "parameter_count": 11178309,
  "train_samples": 1242,
  "val_samples": 2854,
  "test_samples": 5957,
  "train_label_counts": {
    "0": 223,
    "1": 156,
    "2": 317,
    "3": 221,
    "4": 325
  },
  "best_epoch": 64,
  "best_val_macro_f1": 0.9626794253446939,
  "avg_epoch_time_sec": 3.9973516151934563,
  "total_training_time_sec": 316.67467429998214,
  "val_loss": 0.13754932307030843,
  "val_acc": 0.9702172389628592,
  "val_macro_f1": 0.9626794253446939,
  "val_weighted_f1": 0.9702199637926083,
  "val_balanced_accuracy": 0.9634689722694594,
  "val_macro_precision": 0.9629986167464549,
  "val_macro_recall": 0.9634689722694594,
  "test_loss": 0.3085022411764936,
  "test_acc": 0.8850092328353197,
  "test_macro_f1": 0.8529227967659528,
  "test_weighted_f1": 0.8935773900154917,
  "test_balanced_accuracy": 0.9453781802190206,
  "test_macro_precision": 0.7989426993834631,
  "test_macro_recall": 0.9453781802190206,
  "test_top3_accuracy": 0.9984891724022159,
  "test_cohen_kappa": 0.8155304346788289,
  "test_matthews_corrcoef": 0.827875525859443,
  "val_classification_report": {
    "Clear": {
      "precision": 0.9575471698113207,
      "recall": 0.8864628820960698,
      "f1-score": 0.9206349206349206,
      "support": 458.0
    },
    "Water": {
      "precision": 0.8810679611650486,
      "recall": 0.9502617801047121,
      "f1-score": 0.9143576826196473,
      "support": 382.0
    },
    "SuperCooled": {
      "precision": 0.9763779527559056,
      "recall": 0.992,
      "f1-score": 0.9841269841269841,
      "support": 750.0
    },
    "Mixed": {
      "precision": 1.0,
      "recall": 1.0,
      "f1-score": 1.0,
      "support": 561.0
    },
    "Ice": {
      "precision": 1.0,
      "recall": 0.9886201991465149,
      "f1-score": 0.994277539341917,
      "support": 703.0
    },
    "accuracy": 0.9702172389628592,
    "macro avg": {
      "precision": 0.9629986167464549,
      "recall": 0.9634689722694594,
      "f1-score": 0.9626794253446939,
      "support": 2854.0
    },
    "weighted avg": {
      "precision": 0.9710609774020893,
      "recall": 0.9702172389628592,
      "f1-score": 0.9702199637926083,
      "support": 2854.0
    }
  },
  "test_classification_report": {
    "Clear": {
      "precision": 0.9870302627203192,
      "recall": 0.826740947075209,
      "f1-score": 0.8998029407306352,
      "support": 3590.0
    },
    "Water": {
      "precision": 0.555045871559633,
      "recall": 0.9394409937888198,
      "f1-score": 0.6978085351787774,
      "support": 644.0
    },
    "SuperCooled": {
      "precision": 0.7120879120879121,
      "recall": 0.9878048780487805,
      "f1-score": 0.8275862068965517,
      "support": 328.0
    },
    "Mixed": {
      "precision": 0.7428571428571429,
      "recall": 0.9873417721518988,
      "f1-score": 0.8478260869565217,
      "support": 79.0
    },
    "Ice": {
      "precision": 0.9976923076923077,
      "recall": 0.9855623100303952,
      "f1-score": 0.9915902140672783,
      "support": 1316.0
    },
    "accuracy": 0.8850092328353197,
    "macro avg": {
      "precision": 0.7989426993834631,
      "recall": 0.9453781802190206,
      "f1-score": 0.8529227967659528,
      "support": 5957.0
    },
    "weighted avg": {
      "precision": 0.9243078413335531,
      "recall": 0.8850092328353197,
      "f1-score": 0.8935773900154917,
      "support": 5957.0
    }
  }
}