{
  "train_loss": [
    2.1447243891971213,
    2.065527956250688,
    2.015624803556523,
    1.9606474755515515,
    1.9558757980104904,
    1.9299805063596913,
    1.882860584997795,
    1.8639247937941215,
    1.8447556327766097,
    1.8323721986421397,
    1.8136520201051738,
    1.7804247963596398,
    1.7833094412172343,
    1.7548391583939673,
    1.7235683152373409,
    1.7074514476346299,
    1.7279045951198524,
    1.7012934751913582,
    1.666398288498462,
    1.6594656554745957,
    1.6753882975645469,
    1.6932836653481067,
    1.658231923277949,
    1.6217619919441115,
    1.5984393291070427,
    1.6116838455200195,
    1.6028116521701006,
    1.5959556690404113,
    1.617775883473141,
    1.5936893157556022,
    1.610783451040026,
    1.5904149925205069,
    1.5267463234108938,
    1.591070076109658,
    1.500147393052007,
    1.5161855774866024,
    1.4771184467933547,
    1.5801635409744692,
    1.446314833533596,
    1.5123458664182206,
    1.4774649848400707,
    1.4822820324293324,
    1.490099441837257,
    1.4319864578650032,
    1.466973904152991,
    1.4264366290938686,
    1.4344020007361828,
    1.439577880040021,
    1.4115633158616616,
    1.41514253616333,
    1.471122189306877,
    1.3927718921446464,
    1.3332405829093825,
    1.393984833233793,
    1.3819457930578312,
    1.3652261033864088,
    1.353370402900266,
    1.4359163902175258,
    1.3693689410115633,
    1.3492789738614794,
    1.3994991401551475,
    1.3846106848246615,
    1.375253981267902
  ],
  "val_loss": [
    2.027194991707802,
    1.9621548354625702,
    1.8661298155784607,
    1.8627453744411469,
    1.814189463853836,
    1.8118701428174973,
    1.7409342527389526,
    1.7304963171482086,
    1.6746490448713303,
    1.6369074881076813,
    1.6408421993255615,
    1.653383731842041,
    1.6339885890483856,
    1.5595152080059052,
    1.5749000161886215,
    1.5498929917812347,
    1.5380629152059555,
    1.5261277258396149,
    1.5460115522146225,
    1.529477298259735,
    1.4680000394582748,
    1.4580930918455124,
    1.4847229719161987,
    1.4529045224189758,
    1.4388556331396103,
    1.4229866862297058,
    1.4205301403999329,
    1.4571608752012253,
    1.3974308669567108,
    1.3837732821702957,
    1.3936583995819092,
    1.44987253844738,
    1.407595694065094,
    1.3978645950555801,
    1.4038114845752716,
    1.3620313107967377,
    1.3471448868513107,
    1.3508178889751434,
    1.3240752667188644,
    1.328892707824707,
    1.3340840339660645,
    1.3307609558105469,
    1.3217458426952362,
    1.3187571465969086,
    1.3343292772769928,
    1.3136456608772278,
    1.3123832792043686,
    1.28105990588665,
    1.3170038759708405,
    1.2969409674406052,
    1.2910314202308655,
    1.281290739774704,
    1.3112812340259552,
    1.2966836839914322,
    1.2901195734739304,
    1.290030062198639,
    1.3070713132619858,
    1.2819139510393143,
    1.29718878865242,
    1.2946902513504028,
    1.2959467023611069,
    1.278976172208786,
    1.2731716930866241
  ],
  "train_acc": [
    0.163,
    0.1981111111111111,
    0.19944444444444445,
    0.2098888888888889,
    0.19277777777777777,
    0.20666666666666667,
    0.24633333333333332,
    0.27011111111111114,
    0.25866666666666666,
    0.2548888888888889,
    0.2842222222222222,
    0.26355555555555554,
    0.29888888888888887,
    0.2667777777777778,
    0.282,
    0.30522222222222223,
    0.3237777777777778,
    0.29533333333333334,
    0.31577777777777777,
    0.3441111111111111,
    0.2951111111111111,
    0.33166666666666667,
    0.3438888888888889,
    0.29455555555555557,
    0.36666666666666664,
    0.3342222222222222,
    0.3596666666666667,
    0.4053333333333333,
    0.298,
    0.3228888888888889,
    0.3428888888888889,
    0.33044444444444443,
    0.32755555555555554,
    0.31333333333333335,
    0.3768888888888889,
    0.329,
    0.3491111111111111,
    0.35355555555555557,
    0.38855555555555554,
    0.3652222222222222,
    0.34455555555555556,
    0.3078888888888889,
    0.35255555555555557,
    0.3768888888888889,
    0.3711111111111111,
    0.4147777777777778,
    0.427,
    0.3851111111111111,
    0.38711111111111113,
    0.3408888888888889,
    0.3781111111111111,
    0.36233333333333334,
    0.3552222222222222,
    0.4176666666666667,
    0.41933333333333334,
    0.381,
    0.4111111111111111,
    0.38133333333333336,
    0.39022222222222225,
    0.4222222222222222,
    0.32355555555555554,
    0.38655555555555554,
    0.4003333333333333
  ],
  "val_acc": [
    0.26,
    0.305,
    0.34,
    0.336,
    0.369,
    0.371,
    0.393,
    0.409,
    0.43,
    0.468,
    0.462,
    0.455,
    0.476,
    0.505,
    0.489,
    0.522,
    0.528,
    0.516,
    0.517,
    0.534,
    0.551,
    0.564,
    0.549,
    0.546,
    0.574,
    0.569,
    0.584,
    0.546,
    0.577,
    0.588,
    0.591,
    0.557,
    0.586,
    0.584,
    0.581,
    0.601,
    0.606,
    0.615,
    0.611,
    0.625,
    0.62,
    0.622,
    0.609,
    0.625,
    0.627,
    0.626,
    0.634,
    0.647,
    0.63,
    0.635,
    0.646,
    0.636,
    0.636,
    0.644,
    0.638,
    0.638,
    0.635,
    0.637,
    0.638,
    0.626,
    0.638,
    0.636,
    0.647
  ],
  "train_macro_f1": [
    0.15932070764826264,
    0.19321786653279163,
    0.19581560697752518,
    0.20661453718368197,
    0.19011599765325687,
    0.20341277010587203,
    0.24318848231123386,
    0.26696559833460204,
    0.2547266347091586,
    0.2520737428474954,
    0.28005242363907773,
    0.2613576159451549,
    0.29547262613868913,
    0.26402993850758627,
    0.279472485139021,
    0.302277779029498,
    0.32036547737678817,
    0.2934378423284777,
    0.31300375534148756,
    0.3412661458767852,
    0.292371929218488,
    0.32804436707356177,
    0.3413578828211493,
    0.29235649786042694,
    0.3640171345313115,
    0.33207977705961755,
    0.3572719970654777,
    0.402578679799755,
    0.29579825362877293,
    0.3210642774918936,
    0.34087713579614876,
    0.3279944765541464,
    0.32510477264612014,
    0.3111436294809543,
    0.37422429338360297,
    0.3274660586744919,
    0.34732878588254845,
    0.35163114650527244,
    0.3868139548542012,
    0.3635105116250865,
    0.34315918038632937,
    0.3067191440612972,
    0.3510003095257594,
    0.3758069469016489,
    0.3695711194673842,
    0.41333027075270534,
    0.4254192190951394,
    0.38343248943766134,
    0.38579318909868154,
    0.3397827008682866,
    0.37670040734355337,
    0.3613292855826301,
    0.35459601201427005,
    0.41642777225353766,
    0.4177818165011595,
    0.38009472297730823,
    0.4095203549381371,
    0.38021935223357667,
    0.38902991835324985,
    0.4209206748996938,
    0.3228943063600482,
    0.3854465105175828,
    0.3989665085569107
  ],