{
  "dataset": "CIFAR-10",
  "model_name": "vit",
  "fraction": 0.2,
  "fraction_percent": 20,
  "run_dir": "01_cifar_vit_cnn/outputs/unified_runs/vit_fraction_020",
  "checkpoint_path": "",
  "parameter_count": 6350602,
  "train_samples": 9000,
  "best_epoch": 48,
  "best_val_macro_f1": 0.6413510764836361,
  "avg_epoch_time_sec": 14.71403192381175,
  "total_training_time_sec": 928.0051566000038,
  "val_loss": 1.28105990588665,
  "val_accuracy": 0.647,
  "val_macro_f1": 0.6413510764836361,
  "val_weighted_f1": 0.638552830564023,
  "test_loss": 1.3096449329883237,
  "test_accuracy": 0.6339,
  "test_macro_f1": 0.625626872580829,
  "test_weighted_f1": 0.6256268725808292,
  "test_balanced_accuracy": 0.6339,
  "test_top3_accuracy": 0.8966,
  "attention_maps": 10
}