{
  "train_loss": [
    1.2053278863430024,
    0.8809693336486817,
    0.6797299921512604,
    0.5703536391258239,
    0.5398812413215637,
    0.5238333642482758,
    0.4816632479429245,
    0.4726139843463898,
    0.4758674710988998,
    0.45486985743045805,
    0.44797243475914,
    0.4417817801237106,
    0.4616057962179184,
    0.45977078974246977,
    0.44740675389766693,
    0.4590575575828552,
    0.4459901452064514,
    0.48044937252998354,
    0.4820786416530609,
    0.4590089023113251,
    0.42369610965251925,
    0.4225490242242813,
    0.40386900305747986,
    0.3989354193210602,
    0.38429408371448515,
    0.39320502877235414,
    0.40664212703704833,
    0.400363901257515,
    0.41151480972766874,
    0.4078835755586624,
    0.4157649427652359,
    0.3906619489192963,
    0.4000415772199631,
    0.39096134901046753,
    0.38023038804531095,
    0.3717900007963181,
    0.3633468568325043,
    0.3681601345539093,
    0.36249599158763884,
    0.35812473595142363,
    0.35522487461566926,
    0.3571703493595123,
    0.3600734144449234,
    0.35316007435321806,
    0.35316118597984314,
    0.341285315155983,
    0.3415497064590454,
    0.3435566246509552,
    0.3389263778924942,
    0.34635006785392763,
    0.3431332975625992,
    0.3316240876913071,
    0.3378429591655731,
    0.33812064826488497,
    0.34308080077171327,
    0.3292505472898483,
    0.3312603920698166,
    0.3301317125558853,
    0.31877078413963317
  ],
  "val_loss": [
    0.8993190397386965,
    0.6695598389791406,
    0.42481804671494855,
    0.4180953088014022,
    0.35657880552436994,
    0.31214676975556044,
    0.32551215167926706,
    0.27905063169158023,
    0.27893215191105136,
    0.2523663712908392,
    0.29215090527482657,
    0.2926837217224681,
    0.2449992284502672,
    0.2926333834943564,
    0.2789042760496554,
    0.2711008393570133,
    0.2597846050301324,
    0.3461782801086488,
    0.2893357646206151,
    0.3071204138838727,
    0.25955546906460886,
    0.2537397019889044,
    0.24979939651877983,
    0.23640616092344988,
    0.2582770500170148,
    0.24328385617422021,
    0.23383714258670807,
    0.25355509020712064,
    0.25167757596658624,
    0.29893040365498996,
    0.28000255107231764,
    0.288564623374006,
    0.2584046784626401,
    0.29235411467759503,
    0.26852467688529386,
    0.2397443383284237,
    0.2526634034255277,
    0.24797725013416747,
    0.24341655101465143,
    0.23183386837658676,
    0.21722011673061745,
    0.2333714636447637,
    0.22667574671947438,
    0.21366608369609583,
    0.23665510474339777,
    0.2807664278408755,
    0.23389316317827805,
    0.2825924895055916,
    0.21883958043611568,
    0.2309497437723305,
    0.24260686078797217,
    0.22871217682309772,
    0.21238419332582018,
    0.2312508005162944,
    0.2429928478339444,
    0.21881893876454103,
    0.22449543958772783,
    0.23949882517690244,
    0.22996036805536435
  ],
  "train_acc": [
    0.463768115942029,
    0.6674718196457327,
    0.8196457326892109,
    0.8880837359098228,
    0.9082125603864735,
    0.8921095008051529,
    0.928341384863124,
    0.9154589371980676,
    0.9194847020933977,
    0.926731078904992,
    0.92914653784219,
    0.9219001610305958,
    0.9146537842190016,
    0.9130434782608695,
    0.9202898550724637,
    0.9170692431561996,
    0.9227053140096618,
    0.9170692431561996,
    0.9106280193236715,
    0.9154589371980676,
    0.9388083735909822,
    0.9323671497584541,
    0.9436392914653784,
    0.9444444444444444,
    0.9533011272141707,
    0.9444444444444444,
    0.9428341384863124,
    0.9420289855072463,
    0.9347826086956522,
    0.9428341384863124,
    0.9315619967793881,
    0.9460547504025765,
    0.9371980676328503,
    0.9452495974235104,
    0.9500805152979066,
    0.9516908212560387,
    0.9573268921095008,
    0.9565217391304348,
    0.9533011272141707,
    0.9508856682769726,
    0.9573268921095008,
    0.9573268921095008,
    0.962157809983897,
    0.9589371980676329,
    0.9557165861513688,
    0.9637681159420289,
    0.964573268921095,
    0.961352657004831,
    0.966988727858293,
    0.965378421900161,
    0.9605475040257649,
    0.966183574879227,
    0.962157809983897,
    0.9629629629629629,
    0.9637681159420289,
    0.9637681159420289,
    0.966988727858293,
    0.965378421900161,
    0.9710144927536232
  ],
  "val_acc": [
    0.5704274702172389,
    0.6667834618079888,
    0.8798177995795375,
    0.8878766643307638,
    0.8962859145059565,
    0.921864050455501,
    0.9039943938332166,
    0.9278206026629292,
    0.9229152067274001,
    0.9267694463910301,
    0.9113524877365101,
    0.9096005606166784,
    0.9320252277505255,
    0.9127540294323756,
    0.9152067274001402,
    0.9183601962158374,
    0.9264190609670637,
    0.8924316748423265,
    0.9229152067274001,
    0.9046951646811493,
    0.9239663629992992,
    0.9323756131744919,
    0.9260686755430974,
    0.9313244569025928,
    0.9222144358794674,
    0.9362298528381219,
    0.9341275402943238,
    0.9288717589348283,
    0.9323756131744919,
    0.9110021023125437,
    0.9124036440084092,
    0.9215136650315346,
    0.9229152067274001,
    0.9106517168885775,
    0.924667133847232,
    0.9341275402943238,
    0.9358794674141556,
    0.9257182901191311,
    0.9295725297827611,
    0.9383321653819201,
    0.9460406447091801,
    0.9397337070777856,
    0.9428871758934828,
    0.9463910301331465,
    0.9351786965662229,
    0.9166082690960056,
    0.9337771548703574,
    0.9166082690960056,
    0.9397337070777856,
    0.9383321653819201,
    0.9327259985984583,
    0.940084092501752,
    0.9453398738612474,
    0.9411352487736511,
    0.9341275402943238,
    0.9428871758934828,
    0.9425367904695164,
    0.9341275402943238,
    0.9393833216538192
  ],
  "train_macro_f1": [
    0.44841768926522213,
    0.6352187660841203,
    0.7863460501451496,
    0.8622919940666266,
    0.8868696130126162,
    0.8643874190359803,
    0.9104692134931851,
    0.8951637148916838,
    0.9008091611449297,
    0.9092629269439628,
    0.9132775861952412,
    0.9033564999557548,
    0.8953555783878195,
    0.8907135665033324,
    0.9020266794053097,
    0.9009786059351278,
    0.9072412931628182,
    0.9024125486407396,
    0.8913686949869233,
    0.8986861364804104,
    0.9243424729073698,
    0.9166920477261045,
    0.9291942778015759,
    0.929836037522675,
    0.9412560299933572,
    0.9300724455684712,
    0.9285774427761678,
    0.927489446327724,
    0.9180204162707855,
    0.9277877094805334,
    0.9144979902657864,
    0.9331117843382168,
    0.921049689007458,
    0.9293619938951678,
    0.9366994157253037,
    0.9381280923959295,
    0.9450054348444583,
    0.944811626190619,
    0.9407002912700978,
    0.9372971299248191,
    0.946156616240961,
    0.9451072462214327,
    0.9511818107095792,
    0.9470873158321659,
    0.94348141125451,
    0.9533750735571079,
    0.9551077796402275,
    0.9501531715869156,
    0.9567231453652202,
    0.9552473464119515,
    0.9502998252620699,
    0.9558237517953406,
    0.9510698644425979,
    0.9519057088295366,
    0.9520106483731446,
    0.9533290544658481,
    0.9569067613531675,
    0.9542924877969791,
    0.9619829416148903
  ],