{
  "train_loss": [
    2.0869154069158764,
    1.9117113649845123,
    1.8233989046679602,
    1.763991008202235,
    1.706989798280928,
    1.6689756280846066,
    1.6236570609940424,
    1.5946142971515656,
    1.572873271173901,
    1.5508630110157862,
    1.538871404197481,
    1.502131809790929,
    1.497764852311876,
    1.482267416185803,
    1.4721585280365415,
    1.4497743878099654,
    1.4420095086097717,
    1.4274042546749115,
    1.4208065933651395,
    1.4099665416611566,
    1.3928193615542517,
    1.3846135702398088,
    1.3768339422014024,
    1.3707848886648815,
    1.3531866371631622,
    1.3412028418646917,
    1.3504593637254503,
    1.3498500287532806,
    1.3251075711515214,
    1.3091183602809906,
    1.304959625005722,
    1.29185637500551,
    1.3015007807148828,
    1.29314966334237,
    1.2843819194369845,
    1.2783409688207839,
    1.2686010168658362,
    1.261260877052943,
    1.266100161605411,
    1.2598527736134,
    1.2533403999275632,
    1.2398369544082217,
    1.235401405228509,
    1.241055773364173,
    1.2169962889618344,
    1.233499460750156,
    1.2174299226866827,
    1.2052487797207303,
    1.210952467388577,
    1.2043001155058544,
    1.2073166833983526,
    1.1942077179749806,
    1.1948622167110443,
    1.2000258200698428,
    1.188191658920712,
    1.1832446621523962,
    1.1846777664290533,
    1.1905925042099423,
    1.1783833536836836,
    1.1864570147461362,
    1.168422520160675,
    1.1717044677999284,
    1.1798178719149695,
    1.1674991150697072,
    1.1677369905842676,
    1.1643718944655523,
    1.165415283706453,
    1.1617773407035403,
    1.1604016340441174,
    1.1654214594099257
  ],
  "val_loss": [
    1.9808618426322937,
    1.8025354146957397,
    1.7221591174602509,
    1.7031903564929962,
    1.63397216796875,
    1.587063878774643,
    1.5778663754463196,
    1.6096844375133514,
    1.5580041408538818,
    1.4929945766925812,
    1.5345247983932495,
    1.4880665242671967,
    1.4828853607177734,
    1.5605160295963287,
    1.4478448033332825,
    1.4637324512004852,
    1.4717951714992523,
    1.4891597926616669,
    1.4284072816371918,
    1.4876749217510223,
    1.430748611688614,
    1.4815349280834198,
    1.399295687675476,
    1.4594030380249023,
    1.3718625605106354,
    1.4301088452339172,
    1.4859535992145538,
    1.37241929769516,
    1.3896277248859406,
    1.4024723768234253,
    1.3680942058563232,
    1.3529582023620605,
    1.360609382390976,
    1.3554458022117615,
    1.3907574713230133,
    1.329748660326004,
    1.3138468563556671,
    1.3237999081611633,
    1.3423770070075989,
    1.3276191353797913,
    1.304701328277588,
    1.345020592212677,
    1.337282508611679,
    1.3290571570396423,
    1.287288874387741,
    1.3475009202957153,
    1.2945466935634613,
    1.30146986246109,
    1.2941191792488098,
    1.2865757048130035,
    1.2784814536571503,
    1.292468637228012,
    1.2861179411411285,
    1.2838381826877594,
    1.2833247482776642,
    1.2664995193481445,
    1.2708623111248016,
    1.268687754869461,
    1.2769408822059631,
    1.2606110572814941,
    1.2711168229579926,
    1.2579423189163208,
    1.2691861391067505,
    1.2676836252212524,
    1.2690709829330444,
    1.2611030042171478,
    1.2632489502429962,
    1.2645617425441742,
    1.2698672115802765,
    1.264627367258072
  ],
  "train_acc": [
    0.24666666666666667,
    0.33444444444444443,
    0.39155555555555555,
    0.41888888888888887,
    0.44,
    0.468,
    0.48088888888888887,
    0.49333333333333335,
    0.5093333333333333,
    0.526,
    0.5306666666666666,
    0.5466666666666666,
    0.5548888888888889,
    0.5644444444444444,
    0.5577777777777778,
    0.5848888888888889,
    0.5882222222222222,
    0.5942222222222222,
    0.5915555555555555,
    0.5962222222222222,
    0.6097777777777778,
    0.6115555555555555,
    0.6197777777777778,
    0.6137777777777778,
    0.6188888888888889,
    0.6293333333333333,
    0.634,
    0.6328888888888888,
    0.6475555555555556,
    0.6515555555555556,
    0.6508888888888889,
    0.666,
    0.6484444444444445,
    0.6655555555555556,
    0.6582222222222223,
    0.6577777777777778,
    0.6791111111111111,
    0.6708888888888889,
    0.678,
    0.6888888888888889,
    0.6773333333333333,
    0.6911111111111111,
    0.688,
    0.69,
    0.6897777777777778,
    0.6873333333333334,
    0.6913333333333334,
    0.704,
    0.6984444444444444,
    0.7028888888888889,
    0.7088888888888889,
    0.708,
    0.708,
    0.7144444444444444,
    0.7171111111111111,
    0.7213333333333334,
    0.7173333333333334,
    0.7091111111111111,
    0.716,
    0.712,
    0.7251111111111112,
    0.7217777777777777,
    0.7168888888888889,
    0.724,
    0.7257777777777777,
    0.7204444444444444,
    0.7173333333333334,
    0.7364444444444445,
    0.7251111111111112,
    0.7313333333333333
  ],
  "val_acc": [
    0.286,
    0.402,
    0.442,
    0.448,
    0.494,
    0.498,
    0.502,
    0.518,
    0.522,
    0.548,
    0.534,
    0.544,
    0.578,
    0.518,
    0.594,
    0.574,
    0.582,
    0.552,
    0.566,
    0.536,
    0.598,
    0.572,
    0.596,
    0.546,
    0.6,
    0.59,
    0.55,
    0.608,
    0.606,
    0.604,
    0.614,
    0.634,
    0.636,
    0.626,
    0.608,
    0.658,
    0.638,
    0.652,
    0.644,
    0.662,
    0.662,
    0.652,
    0.662,
    0.646,
    0.668,
    0.634,
    0.67,
    0.67,
    0.682,
    0.668,
    0.682,
    0.666,
    0.678,
    0.678,
    0.688,
    0.678,
    0.676,
    0.678,
    0.678,
    0.682,
    0.668,
    0.68,
    0.676,
    0.686,
    0.68,
    0.688,
    0.678,
    0.674,
    0.682,
    0.688
  ],
  "train_macro_f1": [
    0.23334812721269568,
    0.325388585863539,
    0.38434178703145294,
    0.4085184426358978,
    0.43368710603309013,
    0.4600244608250428,
    0.47454021988016953,
    0.48764051047561807,
    0.5037219299269453,
    0.5223846740368938,
    0.5247069176563068,
    0.5428416278197545,
    0.5497849750805929,
    0.5603114108980063,
    0.5533746930814364,
    0.5795285149347638,
    0.584918727498166,
    0.5918830898060292,
    0.5885481451547921,
    0.5932987670499159,
    0.6071398726632141,
    0.6093691698771541,
    0.6170814374803746,
    0.6113918345007977,
    0.6160943052513282,
    0.6263379915273743,
    0.6310655718192575,
    0.631346000429774,
    0.645245958886057,
    0.6493093135974289,
    0.6485189132810355,
    0.6633272666211374,
    0.6456151561044172,
    0.662942674484351,
    0.655295554656542,
    0.6559119865678449,
    0.6762148036546897,
    0.6685013046081953,
    0.6767438268368395,
    0.6867696828303644,
    0.6761239812647932,
    0.6892097067154342,
    0.6861122203463431,
    0.6882872661383844,
    0.6876160458263412,
    0.6856047485773578,
    0.689429102348299,
    0.7019241642242678,
    0.6972067153740183,
    0.7009269354445472,
    0.7073995484580727,
    0.7058048122496686,
    0.7069686139555176,
    0.7126751553568325,
    0.7147265321088392,
    0.719330385770388,
    0.7152564824357301,
    0.7079982498792203,
    0.7146636469208509,
    0.7106894147883643,
    0.7235589135653285,
    0.7198589207054144,
    0.7144871458240083,
    0.7222901373315679,
    0.7242915933902562,
    0.7184301870408399,
    0.7160043739372844,
    0.7354627588087569,
    0.7240908629931087,
    0.7293485542591105
  ],