{
  "train_loss": [
    2.2123530175950794,
    2.109214299254947,
    2.0742344591352673,
    2.076497952143351,
    2.031647572914759,
    2.011715829372406,
    1.9683389862378438,
    1.9788009656800165,
    1.9363182021511927,
    1.9345624811119504,
    1.9556052088737488,
    1.8847473627991147,
    1.874291118648317,
    1.8662187324629889,
    1.8944423728519015,
    1.820363889137904,
    1.829189356830385,
    1.8404012786017523,
    1.7884782486491733,
    1.8946294056044684,
    1.7893140415350597,
    1.7701122330294714,
    1.7462365097469754,
    1.762490815586514,
    1.791777382294337,
    1.7649337748686473,
    1.7156903743743896,
    1.722911126083798,
    1.7320682141515944,
    1.7265272074275546,
    1.6548187070422702,
    1.6729788184165955,
    1.6994889511002436,
    1.7307863434155781,
    1.6960824728012085,
    1.6486852036582098,
    1.6262135207653046,
    1.5823304884963565,
    1.646545843945609,
    1.6482588814364538,
    1.6492065025700464,
    1.6463639901743994,
    1.71085121234258,
    1.6231581303808424,
    1.6557361947165594,
    1.6585260430971782,
    1.548207014799118,
    1.5973785320917766,
    1.5500038597318861,
    1.5810301138295069,
    1.543288790517383,
    1.5440965559747484,
    1.5600891013940175,
    1.59308237168524,
    1.5692601601282756,
    1.565637509028117,
    1.5585997369554307,
    1.5446583496199713,
    1.5524908635351393,
    1.5698332720332675,
    1.5792694323592715,
    1.5643936826123133,
    1.5715392099486456,
    1.5091627339522045,
    1.4078745113478766,
    1.530558900700675,
    1.5861048334174686,
    1.478282908598582,
    1.472159014807807,
    1.4565111663606432,
    1.5086601575215657,
    1.4583378434181213,
    1.4339985814359453,
    1.546481407350964,
    1.5722822348276775,
    1.451205723815494,
    1.4312967194451227,
    1.5363047785229154,
    1.5027069316969976,
    1.4448445439338684
  ],
  "val_loss": [
    2.063331723213196,
    2.0445517897605896,
    1.9817229509353638,
    1.9520919620990753,
    1.9940482676029205,
    1.9085063636302948,
    1.9339209496974945,
    1.8866985440254211,
    1.8356285691261292,
    1.841202199459076,
    1.824829638004303,
    1.812668651342392,
    1.776437759399414,
    1.769154816865921,
    1.748726099729538,
    1.7587708532810211,
    1.7173140048980713,
    1.700855314731598,
    1.7687474489212036,
    1.7119290828704834,
    1.6747909784317017,
    1.6441141963005066,
    1.6700995564460754,
    1.647465854883194,
    1.6908648312091827,
    1.6120316088199615,
    1.631700575351715,
    1.6574437022209167,
    1.5824920535087585,
    1.5587688088417053,
    1.5991871356964111,
    1.5818806886672974,
    1.5577654540538788,
    1.6129400730133057,
    1.565930187702179,
    1.541648805141449,
    1.554069995880127,
    1.552933543920517,
    1.5418178737163544,
    1.513391762971878,
    1.552794188261032,
    1.5851427912712097,
    1.5428280532360077,
    1.5287513136863708,
    1.5282385647296906,
    1.522480458021164,
    1.5163120329380035,
    1.5312272906303406,
    1.5180429816246033,
    1.5234813690185547,
    1.5458709001541138,
    1.4996488392353058,
    1.5147426426410675,
    1.5446535646915436,
    1.5117546916007996,
    1.4981053471565247,
    1.5095059275627136,
    1.5127501785755157,
    1.5283170342445374,
    1.5005799531936646,
    1.5060532093048096,
    1.4908294975757599,
    1.4912379086017609,
    1.48094642162323,
    1.4833317697048187,
    1.5103501081466675,
    1.5010137856006622,
    1.49649116396904,
    1.4830952286720276,
    1.4868859946727753,
    1.4908512830734253,
    1.487036019563675,
    1.4862073361873627,
    1.4862729609012604,
    1.4864344894886017,
    1.4865387082099915,
    1.4863064587116241,
    1.486080139875412,
    1.4866938292980194,
    1.4867877960205078
  ],
  "train_acc": [
    0.14355555555555555,
    0.18,
    0.18866666666666668,
    0.20377777777777778,
    0.19822222222222222,
    0.17577777777777778,
    0.222,
    0.20177777777777778,
    0.17822222222222223,
    0.192,
    0.20355555555555555,
    0.25066666666666665,
    0.2268888888888889,
    0.25733333333333336,
    0.28933333333333333,
    0.2437777777777778,
    0.2793333333333333,
    0.24711111111111111,
    0.228,
    0.25955555555555554,
    0.32466666666666666,
    0.22355555555555556,
    0.29244444444444445,
    0.248,
    0.26711111111111113,
    0.3191111111111111,
    0.27466666666666667,
    0.24844444444444444,
    0.26422222222222225,
    0.2982222222222222,
    0.33155555555555555,
    0.3468888888888889,
    0.30933333333333335,
    0.2806666666666667,
    0.2846666666666667,
    0.2986666666666667,
    0.34844444444444445,
    0.3228888888888889,
    0.3091111111111111,
    0.30377777777777776,
    0.2677777777777778,
    0.3837777777777778,
    0.28555555555555556,
    0.38066666666666665,
    0.32755555555555554,
    0.354,
    0.3337777777777778,
    0.27266666666666667,
    0.4311111111111111,
    0.31222222222222223,
    0.3844444444444444,
    0.40444444444444444,
    0.30933333333333335,
    0.41133333333333333,
    0.4,
    0.32066666666666666,
    0.31577777777777777,
    0.31044444444444447,
    0.3257777777777778,
    0.3571111111111111,
    0.3208888888888889,
    0.3211111111111111,
    0.3851111111111111,
    0.2982222222222222,
    0.332,
    0.3377777777777778,
    0.28733333333333333,
    0.43666666666666665,
    0.3288888888888889,
    0.35688888888888887,
    0.3128888888888889,
    0.37977777777777777,
    0.31555555555555553,
    0.4266666666666667,
    0.2991111111111111,
    0.37177777777777776,
    0.36777777777777776,
    0.3648888888888889,
    0.3426666666666667,
    0.3848888888888889
  ],
  "val_acc": [
    0.262,
    0.282,
    0.306,
    0.304,
    0.326,
    0.348,
    0.326,
    0.336,
    0.362,
    0.358,
    0.388,
    0.396,
    0.392,
    0.382,
    0.418,
    0.404,
    0.434,
    0.442,
    0.454,
    0.426,
    0.46,
    0.46,
    0.456,
    0.45,
    0.436,
    0.484,
    0.464,
    0.462,
    0.492,
    0.506,
    0.476,
    0.486,
    0.522,
    0.502,
    0.508,
    0.52,
    0.514,
    0.524,
    0.52,
    0.538,
    0.516,
    0.502,
    0.522,
    0.536,
    0.526,
    0.524,
    0.526,
    0.53,
    0.542,
    0.558,
    0.522,
    0.536,
    0.548,
    0.528,
    0.526,
    0.548,
    0.536,
    0.546,
    0.522,
    0.54,
    0.554,
    0.564,
    0.55,
    0.556,
    0.562,
    0.548,
    0.556,
    0.562,
    0.566,
    0.552,
    0.558,
    0.562,
    0.554,
    0.556,
    0.556,
    0.554,
    0.554,
    0.552,
    0.552,
    0.552
  ],