{
  "train_loss": [
    1.9969177984855544,
    1.7899055145156215,
    1.6910988999084688,
    1.626550919573072,
    1.5786789672475465,
    1.537474706139363,
    1.4993949910284767,
    1.4763492043589201,
    1.449422431663728,
    1.4210802450985975,
    1.402121579143363,
    1.3883543803658285,
    1.3728691641713533,
    1.3676106711508522,
    1.3428147426793273,
    1.3404504413336096,
    1.3215953816830273,
    1.3115085581658592,
    1.3012019563728654,
    1.2878497402432938,
    1.2747716987636728,
    1.2639290631656916,
    1.2536062203662497,
    1.2523721372577505,
    1.2485876083374023,
    1.2388632163195543,
    1.223115560034631,
    1.2208763142706642,
    1.2097726690937096,
    1.2000792278370387,
    1.2034684067041101,
    1.1839771337912117,
    1.1906878326980161,
    1.1826363029614302,
    1.1754952803464003,
    1.1745165116350416,
    1.1667778894934855,
    1.159545125256122,
    1.1474339575834678,
    1.151524995414304,
    1.1463955137091624,
    1.140540406737529,
    1.140672828110171,
    1.1310272938768628,
    1.1330126322491068,
    1.127920837469504,
    1.1305649431658462,
    1.1126078635873928,
    1.1143018678880074,
    1.1178544482714694,
    1.106719242015355,
    1.1030492471977018,
    1.1057595870864223,
    1.0997334139447816,
    1.098740497105558,
    1.0965408943068813,
    1.0879962351960195,
    1.089415925489345,
    1.0953396743452046,
    1.0878923107200944,
    1.0750271652785826,
    1.0820410444702901,
    1.0823456334396147,
    1.0745585292157993,
    1.0750091386512972,
    1.0722327492606472,
    1.0742654011283121,
    1.069522756925771,
    1.071030061849406,
    1.0810181758773159,
    1.073588274734121,
    1.0682683410778853,
    1.0715431352736244,
    1.0665211408910618,
    1.0663046526237272,
    1.066830574626654,
    1.0679237590709203,
    1.0653168575864442,
    1.0718737857442506,
    1.0643614371057968
  ],
  "val_loss": [
    1.900330439209938,
    1.6990376561880112,
    1.615499660372734,
    1.7152347564697266,
    1.5230775475502014,
    1.5406007021665573,
    1.4702692776918411,
    1.5379771143198013,
    1.4308149963617325,
    1.4124218225479126,
    1.4324555695056915,
    1.4021702855825424,
    1.371111422777176,
    1.384721279144287,
    1.3564043939113617,
    1.3783511221408844,
    1.3475171774625778,
    1.3568413108587265,
    1.343266025185585,
    1.3333065509796143,
    1.3393485248088837,
    1.302418366074562,
    1.3535566180944443,
    1.2734864950180054,
    1.2880190014839172,
    1.2762665003538132,
    1.2945181280374527,
    1.2584215700626373,
    1.278827741742134,
    1.2628027498722076,
    1.276102527976036,
    1.2575431317090988,
    1.28023000061512,
    1.282112643122673,
    1.2454817295074463,
    1.2441327422857285,
    1.2699075043201447,
    1.2233147025108337,
    1.2384124249219894,
    1.2365892231464386,
    1.2302717119455338,
    1.2345713078975677,
    1.2169163227081299,
    1.2139725387096405,
    1.2204203456640244,
    1.2299535423517227,
    1.217147022485733,
    1.2352078706026077,
    1.2077372670173645,
    1.2058149874210358,
    1.1970455199480057,
    1.1967122107744217,
    1.2036434710025787,
    1.1939838081598282,
    1.198477566242218,
    1.1951913237571716,
    1.196333795785904,
    1.201639398932457,
    1.190606638789177,
    1.2033716440200806,
    1.1903969645500183,
    1.1893988996744156,
    1.1982090920209885,
    1.1868815273046494,
    1.191038504242897,
    1.1869659721851349,
    1.1882984191179276,
    1.1882538944482803,
    1.1872290819883347,
    1.1866641342639923,
    1.1857599020004272,
    1.1871218085289001,
    1.1869460493326187,
    1.1855790615081787,
    1.187428891658783,
    1.184394210577011,
    1.1849880367517471,
    1.184136524796486,
    1.1859033405780792,
    1.1836866289377213
  ],
  "train_acc": [
    0.2982222222222222,
    0.4078888888888889,
    0.45055555555555554,
    0.4821111111111111,
    0.5113333333333333,
    0.5282222222222223,
    0.546,
    0.5641111111111111,
    0.5794444444444444,
    0.5873333333333334,
    0.6006666666666667,
    0.6012222222222222,
    0.611,
    0.6142222222222222,
    0.6298888888888889,
    0.6287777777777778,
    0.6408888888888888,
    0.6472222222222223,
    0.6533333333333333,
    0.6517777777777778,
    0.6698888888888889,
    0.67,
    0.6742222222222222,
    0.6737777777777778,
    0.675,
    0.6826666666666666,
    0.6924444444444444,
    0.6928888888888889,
    0.7033333333333334,
    0.7032222222222222,
    0.7036666666666667,
    0.7091111111111111,
    0.7025555555555556,
    0.7108888888888889,
    0.7137777777777777,
    0.7188888888888889,
    0.7231111111111111,
    0.7224444444444444,
    0.7264444444444444,
    0.7261111111111112,
    0.7318888888888889,
    0.7327777777777778,
    0.734,
    0.7383333333333333,
    0.7374444444444445,
    0.7401111111111112,
    0.7418888888888889,
    0.7517777777777778,
    0.747,
    0.7437777777777778,
    0.7491111111111111,
    0.7516666666666667,
    0.7532222222222222,
    0.7551111111111111,
    0.7548888888888889,
    0.7585555555555555,
    0.7565555555555555,
    0.7616666666666667,
    0.7553333333333333,
    0.759,
    0.7667777777777778,
    0.7622222222222222,
    0.7621111111111111,
    0.7677777777777778,
    0.7693333333333333,
    0.7694444444444445,
    0.7638888888888888,
    0.7683333333333333,
    0.7692222222222223,
    0.7658888888888888,
    0.7678888888888888,
    0.7736666666666666,
    0.7722222222222223,
    0.7706666666666667,
    0.7711111111111111,
    0.7716666666666666,
    0.7716666666666666,
    0.7731111111111111,
    0.7672222222222222,
    0.7735555555555556
  ],
  "val_acc": [
    0.347,
    0.415,
    0.498,
    0.451,
    0.541,
    0.525,
    0.566,
    0.55,
    0.583,
    0.609,
    0.59,
    0.594,
    0.624,
    0.629,
    0.641,
    0.609,
    0.632,
    0.644,
    0.643,
    0.65,
    0.657,
    0.658,
    0.653,
    0.685,
    0.669,
    0.677,
    0.657,
    0.675,
    0.666,
    0.684,
    0.687,
    0.695,
    0.687,
    0.668,
    0.68,
    0.696,
    0.684,
    0.696,
    0.691,
    0.681,
    0.688,
    0.681,
    0.705,
    0.708,
    0.715,
    0.705,
    0.705,
    0.701,
    0.712,
    0.713,
    0.719,
    0.713,
    0.722,
    0.722,
    0.709,
    0.715,
    0.716,
    0.709,
    0.71,
    0.71,
    0.711,
    0.711,
    0.714,
    0.716,
    0.719,
    0.728,
    0.714,
    0.719,
    0.719,
    0.72,
    0.724,
    0.722,
    0.719,
    0.72,
    0.721,
    0.719,
    0.721,
    0.721,
    0.719,
    0.722
  ],