{
  "dataset": "CIFAR-10",
  "model_name": "cnn",
  "fraction": 0.2,
  "fraction_percent": 20,
  "run_dir": "01_cifar_vit_cnn/outputs/unified_runs/cnn_fraction_020",
  "checkpoint_path": "",
  "parameter_count": 391946,
  "train_samples": 9000,
  "best_epoch": 66,
  "best_val_macro_f1": 0.7278139211587176,
  "avg_epoch_time_sec": 7.98712618374775,
  "total_training_time_sec": 639.2720926000038,
  "val_loss": 1.1869659721851349,
  "val_accuracy": 0.728,
  "val_macro_f1": 0.7278139211587176,
  "val_weighted_f1": 0.7272543711643569,
  "test_loss": 1.1505154884314235,
  "test_accuracy": 0.7322,
  "test_macro_f1": 0.7294694854005253,
  "test_weighted_f1": 0.7294694854005253,
  "test_balanced_accuracy": 0.7322,
  "test_top3_accuracy": 0.9327,
  "attention_maps": 0
}