{
  "train_loss": [
    2.035752435976809,
    1.8866006996143947,
    1.7901341085406868,
    1.7155914973806252,
    1.683156330138445,
    1.6398238312791695,
    1.617977254431356,
    1.5606453848833388,
    1.5363042855804616,
    1.5063919621435078,
    1.4896212843331424,
    1.463164872405204,
    1.4621236889877103,
    1.4636276564137503,
    1.4299146390774033,
    1.393237789246169,
    1.3807288733395664,
    1.3840449164536865,
    1.3677467114546082,
    1.3684615702791647,
    1.3501649087464267,
    1.3306211046874523,
    1.341169664974917,
    1.337965044954961,
    1.319894795560024,
    1.3066654438999565,
    1.3122270811687817,
    1.2640306268903343,
    1.2765486910939217,
    1.251699106937105,
    1.2787941982122986,
    1.2253177325156601,
    1.241282993080941,
    1.2316910372200338,
    1.2495890542526136,
    1.227356300435283,
    1.198910393667492,
    1.1994198255918243,
    1.1887066726657478,
    1.2117808522148565,
    1.1804704024371775,
    1.1779679049822418,
    1.136963393877853,
    1.1540402881801128,
    1.1844254672865977,
    1.1384687025777318,
    1.16601249829612,
    1.1569335022094576,
    1.1440733537416568,
    1.1042573871937664,
    1.1626463747498663,
    1.1192346476018429,
    1.1196304793384941,
    1.0830804719166323,
    1.0866454074328595,
    1.1161457936872134,
    1.095654203302481,
    1.1305999674580314,
    1.098613322458484,
    1.0801624735309319,
    1.104676710103046,
    1.0895942109213634,
    1.0733579783277079,
    1.0823779791932215,
    1.048497456718575,
    1.0168151108717376,
    1.0821999518031424,
    1.0513471288775855,
    1.082688873464411,
    1.06396384046159,
    1.0442316843704744,
    1.0619502490894361,
    1.0308131670409983,
    1.0777319200675597,
    1.0570684060115705,
    1.0568649076264014,
    1.0241995105011896,
    1.0277263545854525,
    1.0461294080384753,
    1.0668376914479516
  ],
  "val_loss": [
    1.8329777359962462,
    1.6558291465044022,
    1.554624119400978,
    1.4668149501085281,
    1.4776145845651627,
    1.4057334303855895,
    1.369256743788719,
    1.3339977860450745,
    1.284774473309517,
    1.273763471841812,
    1.2619569540023803,
    1.1982696056365967,
    1.1761468917131424,
    1.1898659735918045,
    1.143876788020134,
    1.1528885245323182,
    1.1581684425473213,
    1.1382011607289315,
    1.1179274141788482,
    1.0955640345811843,
    1.1094907239079475,
    1.0847727552056312,
    1.0885084420442581,
    1.0661522924900055,
    1.0441070839762687,
    1.0568210318684579,
    1.0389770969748497,
    1.0325266167521476,
    1.015769076347351,
    1.0284256353974341,
    1.0069965496659279,
    1.0069815337657928,
    0.9865276172757149,
    0.9975785568356514,
    0.9883840829133987,
    0.9760374397039413,
    0.9857418298721313,
    0.9779448702931404,
    0.9802027359604836,
    0.9919355317950249,
    0.9510132253170014,
    0.9832777664065361,
    0.9694143921136856,
    0.9465664014220238,
    0.9420767083764077,
    0.9262983694672584,
    0.9585775762796402,
    0.9578235313296318,
    0.9331296905875206,
    0.9426743552088738,
    0.9453283563256264,
    0.9369861513376236,
    0.9379984617233277,
    0.9351001977920532,
    0.9345505774021149,
    0.9373629361391067,
    0.9225581496953964,
    0.9401885256171226,
    0.927186693251133,
    0.9274970263242721,
    0.9133466109633446,
    0.9233477488160133,
    0.9237528577446937,
    0.9184732511639595,
    0.9294879630208015,
    0.9294421091675759,
    0.9209203869104385,
    0.9263796240091324,
    0.9173341870307923,
    0.9151153653860092,
    0.920481427013874,
    0.9184990271925926,
    0.9137630209326744,
    0.9142603769898414,
    0.9205775007605552,
    0.9186596587300301,
    0.9170315116643906,
    0.9171098351478577,
    0.9165948271751404,
    0.9168381407856941
  ],
  "train_acc": [
    0.1912888888888889,
    0.23935555555555554,
    0.27344444444444443,
    0.30404444444444445,
    0.3214,
    0.3291777777777778,
    0.3254222222222222,
    0.3406,
    0.3324,
    0.3667111111111111,
    0.3627111111111111,
    0.36702222222222225,
    0.3597111111111111,
    0.39884444444444445,
    0.3931777777777778,
    0.3742666666666667,
    0.3956,
    0.3825777777777778,
    0.3960888888888889,
    0.40713333333333335,
    0.39355555555555555,
    0.424,
    0.3874444444444444,
    0.3861111111111111,
    0.39035555555555557,
    0.38682222222222223,
    0.44293333333333335,
    0.4401777777777778,
    0.45695555555555556,
    0.4451333333333333,
    0.42606666666666665,
    0.4338444444444444,
    0.44008888888888886,
    0.4113111111111111,
    0.4126222222222222,
    0.4373111111111111,
    0.4321333333333333,
    0.41735555555555554,
    0.46286666666666665,
    0.3967111111111111,
    0.4668,
    0.4419777777777778,
    0.4369111111111111,
    0.46042222222222223,
    0.4258222222222222,
    0.4288444444444444,
    0.44653333333333334,
    0.45004444444444447,
    0.45422222222222225,
    0.47413333333333335,
    0.4214222222222222,
    0.4874888888888889,
    0.4632,
    0.4862444444444444,
    0.4809555555555556,
    0.463,
    0.4617777777777778,
    0.46075555555555553,
    0.49293333333333333,
    0.4948666666666667,
    0.458,
    0.46715555555555555,
    0.4678,
    0.45268888888888886,
    0.5078444444444444,
    0.49215555555555557,
    0.4830888888888889,
    0.44813333333333333,
    0.45266666666666666,
    0.4766,
    0.4548,
    0.49084444444444447,
    0.4626222222222222,
    0.45213333333333333,
    0.46973333333333334,
    0.4544,
    0.47704444444444444,
    0.48848888888888886,
    0.48835555555555554,
    0.49
  ],
  "val_acc": [
    0.3728,
    0.4694,
    0.5126,
    0.5494,
    0.555,
    0.5884,
    0.5988,
    0.6176,
    0.6408,
    0.6434,
    0.653,
    0.6746,
    0.6908,
    0.6918,
    0.7042,
    0.7046,
    0.7014,
    0.7026,
    0.7126,
    0.7202,
    0.7282,
    0.734,
    0.7256,
    0.7452,
    0.7476,
    0.7494,
    0.7602,
    0.761,
    0.7702,
    0.7654,
    0.7716,
    0.7764,
    0.7872,
    0.7738,
    0.7844,
    0.7898,
    0.7896,
    0.7916,
    0.7858,
    0.7826,
    0.8014,
    0.7836,
    0.7928,
    0.796,
    0.8024,
    0.816,
    0.8026,
    0.8002,
    0.8124,
    0.8068,
    0.8044,
    0.8054,
    0.813,
    0.8126,
    0.8112,
    0.8096,
    0.821,
    0.8142,
    0.818,
    0.8192,
    0.8236,
    0.8198,
    0.8202,
    0.8174,
    0.8176,
    0.818,
    0.819,
    0.8202,
    0.8218,
    0.8224,
    0.8218,
    0.8238,
    0.8248,
    0.8244,
    0.824,
    0.8244,
    0.8232,
    0.8242,
    0.8242,
    0.8242
  ],