{
  "dataset": "CIFAR-10",
  "model_name": "cnn",
  "fraction": 0.1,
  "fraction_percent": 10,
  "run_dir": "01_cifar_vit_cnn/outputs/unified_runs/cnn_fraction_010",
  "checkpoint_path": "",
  "parameter_count": 391946,
  "train_samples": 4500,
  "best_epoch": 55,
  "best_val_macro_f1": 0.6899631162968911,
  "avg_epoch_time_sec": 2.607623597143434,
  "total_training_time_sec": 182.69531080001616,
  "val_loss": 1.2833247482776642,
  "val_accuracy": 0.688,
  "val_macro_f1": 0.6899631162968911,
  "val_weighted_f1": 0.6892761360669148,
  "test_loss": 1.2849082041390334,
  "test_accuracy": 0.6561,
  "test_macro_f1": 0.6551370207994784,
  "test_weighted_f1": 0.6551370207994783,
  "test_balanced_accuracy": 0.6561,
  "test_top3_accuracy": 0.9053,
  "attention_maps": 0
}