{
  "dataset": "CIFAR-10",
  "model_name": "cnn",
  "fraction": 1.0,
  "fraction_percent": 100,
  "run_dir": "01_cifar_vit_cnn/outputs/unified_runs/cnn_fraction_100",
  "checkpoint_path": "",
  "parameter_count": 391946,
  "train_samples": 45000,
  "best_epoch": 76,
  "best_val_macro_f1": 0.8367338827083948,
  "avg_epoch_time_sec": 80.87420576500081,
  "total_training_time_sec": 6470.639426799986,
  "val_loss": 0.9252340719103813,
  "val_accuracy": 0.8378,
  "val_macro_f1": 0.8367338827083948,
  "val_weighted_f1": 0.837324960174749,
  "test_loss": 0.9438938287240041,
  "test_accuracy": 0.8287,
  "test_macro_f1": 0.8280751942681477,
  "test_weighted_f1": 0.8280751942681476,
  "test_balanced_accuracy": 0.8287000000000001,
  "test_top3_accuracy": 0.965,
  "attention_maps": 0
}