{
  "dataset": "CIFAR-10",
  "model_name": "vit",
  "fraction": 0.1,
  "fraction_percent": 10,
  "run_dir": "01_cifar_vit_cnn/outputs/unified_runs/vit_fraction_010",
  "checkpoint_path": "",
  "parameter_count": 6350602,
  "train_samples": 4500,
  "best_epoch": 69,
  "best_val_macro_f1": 0.5608161157706808,
  "avg_epoch_time_sec": 10.124003141250796,
  "total_training_time_sec": 811.7074047000206,
  "val_loss": 1.4830952286720276,
  "val_accuracy": 0.566,
  "val_macro_f1": 0.5608161157706808,
  "val_weighted_f1": 0.560078394047047,
  "test_loss": 1.4556047448629066,
  "test_accuracy": 0.563,
  "test_macro_f1": 0.5546017247796218,
  "test_weighted_f1": 0.5546017247796218,
  "test_balanced_accuracy": 0.563,
  "test_top3_accuracy": 0.8581,
  "attention_maps": 10
}