{
  "dataset": "CIFAR-10",
  "model_name": "vit",
  "fraction": 1.0,
  "fraction_percent": 100,
  "run_dir": "01_cifar_vit_cnn/outputs/unified_runs/vit_fraction_100",
  "checkpoint_path": "",
  "parameter_count": 6350602,
  "train_samples": 45000,
  "best_epoch": 73,
  "best_val_macro_f1": 0.8231120020387411,
  "avg_epoch_time_sec": 83.48259661125012,
  "total_training_time_sec": 6680.371069599991,
  "val_loss": 0.9137630209326744,
  "val_accuracy": 0.8248,
  "val_macro_f1": 0.8231120020387411,
  "val_weighted_f1": 0.8240890096281768,
  "test_loss": 0.8948562198047396,
  "test_accuracy": 0.8308,
  "test_macro_f1": 0.8290221533254172,
  "test_weighted_f1": 0.8290221533254173,
  "test_balanced_accuracy": 0.8308,
  "test_top3_accuracy": 0.9685,
  "attention_maps": 10
}