{
  "train_loss": [
    1.7426747554405169,
    1.494828413155946,
    1.403544651175087,
    1.3486102223396301,
    1.3025905080139637,
    1.2682190855795688,
    1.243049443784085,
    1.2147961092943496,
    1.1975577307695693,
    1.1790968572551555,
    1.1602049183777787,
    1.1513112810525028,
    1.137255708263679,
    1.128616602583365,
    1.1161702361635186,
    1.1062276248227467,
    1.0987035632133484,
    1.0911953061480413,
    1.0819304463538257,
    1.072438119995323,
    1.070223129439083,
    1.0594998620111833,
    1.0566679435697468,
    1.0519019282338293,
    1.0433443788100372,
    1.0388155000453645,
    1.0303904991596937,
    1.028184267099608,
    1.022471442987973,
    1.0193940641527826,
    1.0131292818960818,
    1.0102021692490035,
    1.0023264976387674,
    1.001819358291951,
    0.999352627010508,
    0.9952068970623341,
    0.9876241404563189,
    0.9880885563113473,
    0.9842731273648414,
    0.9785304560580037,
    0.9760506376624107,
    0.9728574138134718,
    0.9717983960766684,
    0.9705696947533976,
    0.9645472554997965,
    0.9637415036559105,
    0.9594691873274066,
    0.959851579063318,
    0.9578631035983562,
    0.9564099469306794,
    0.947797820310701,
    0.9478163387287747,
    0.9454536104405468,
    0.9470496323298324,
    0.9447866600345481,
    0.9430525150488723,
    0.9392039684409444,
    0.9387840826741674,
    0.9379414563829248,
    0.9355420102788643,
    0.9364426486532796,
    0.9319553549655459,
    0.9308919320729646,
    0.9316818856380202,
    0.9309129594740543,
    0.9298220972784541,
    0.9252505627545443,
    0.9241693681952629,
    0.9266109300607984,
    0.926754894581708,
    0.9270230687477372,
    0.9273910439488563,
    0.9263730570673943,
    0.926175968721509,
    0.9218112443658438,
    0.9220361834899946,
    0.92435267127373,
    0.9227195964618162,
    0.923122820190408,
    0.9249957742338831
  ],
  "val_loss": [
    1.5212746232748031,
    1.4019856244325637,
    1.3534386724233627,
    1.3176432520151138,
    1.2499639421701432,
    1.2673804998397826,
    1.211447423696518,
    1.2067454397678374,
    1.1888232707977295,
    1.143514983355999,
    1.1756613731384278,
    1.1066806077957154,
    1.138548991084099,
    1.0925536319613456,
    1.1025769963860512,
    1.0963099122047424,
    1.0846106126904487,
    1.0741791725158691,
    1.0750459909439087,
    1.067770528793335,
    1.0489469468593597,
    1.0415472701191901,
    1.0555147364735604,
    1.0245343774557114,
    1.0094882056117058,
    1.0363933131098748,
    0.9989015266299248,
    1.0694504052400589,
    1.0006295830011367,
    0.9989230126142502,
    1.0032245054841042,
    1.0037029311060905,
    0.9905296325683594,
    0.9940721616148949,
    0.9817114397883415,
    0.9929014414548873,
    0.9778890237212181,
    0.9747059091925621,
    0.9717410638928413,
    0.9770000323653221,
    0.9665093332529068,
    0.9635679394006729,
    0.9733415320515633,
    0.9657503470778466,
    0.966857798397541,
    0.9495933383703232,
    0.9637963488698006,
    0.9513137146830559,
    0.9523447260260582,
    0.9532984167337417,
    0.9454511314630508,
    0.9447880387306213,
    0.9381200388073921,
    0.9496073961257935,
    0.9466634199023247,
    0.9439866974949837,
    0.9389885351061821,
    0.9391395300626755,
    0.9378739774227143,
    0.9366525754332542,
    0.9368563160300255,
    0.9316241413354873,
    0.9324753299355507,
    0.9291751205921173,
    0.9302407890558243,
    0.929403367638588,
    0.9312800481915474,
    0.9285365656018257,
    0.9291464507579803,
    0.9282497555017472,
    0.9277998253703117,
    0.9268247455358505,
    0.9266553014516831,
    0.9262296095490455,
    0.9268920794129372,
    0.9252340719103813,
    0.9262413173913956,
    0.9251903727650642,
    0.9252132549881935,
    0.9265976920723915
  ],
  "train_acc": [
    0.42573333333333335,
    0.5521555555555555,
    0.5977333333333333,
    0.6277333333333334,
    0.6506888888888889,
    0.6682,
    0.6814888888888889,
    0.6946666666666667,
    0.7037555555555556,
    0.7142444444444445,
    0.7248222222222223,
    0.7289555555555556,
    0.7356222222222222,
    0.7378888888888889,
    0.7443555555555555,
    0.7491111111111111,
    0.7540666666666667,
    0.7564444444444445,
    0.7617555555555555,
    0.7684222222222222,
    0.7677555555555555,
    0.7729333333333334,
    0.7764222222222222,
    0.7769111111111111,
    0.7818222222222222,
    0.7835333333333333,
    0.7869555555555555,
    0.7884444444444444,
    0.7903555555555556,
    0.7930888888888888,
    0.7964666666666667,
    0.7968888888888889,
    0.8028666666666666,
    0.8019555555555555,
    0.8019777777777778,
    0.8049111111111111,
    0.8101777777777778,
    0.8069777777777778,
    0.8101555555555555,
    0.8142222222222222,
    0.8141555555555555,
    0.8160666666666667,
    0.8160888888888889,
    0.8163333333333334,
    0.8212444444444444,
    0.8197555555555556,
    0.8216888888888889,
    0.8218222222222222,
    0.8228444444444445,
    0.8259555555555556,
    0.8287777777777777,
    0.8276666666666667,
    0.8299333333333333,
    0.8280444444444445,
    0.8294222222222222,
    0.8305333333333333,
    0.8350222222222222,
    0.8317777777777777,
    0.8329555555555556,
    0.8339777777777778,
    0.8336888888888889,
    0.8355777777777778,
    0.8381111111111111,
    0.8364222222222222,
    0.8355333333333334,
    0.8383111111111111,
    0.8396444444444444,
    0.8418444444444444,
    0.8377555555555556,
    0.8393777777777778,
    0.8402888888888889,
    0.8403333333333334,
    0.8394666666666667,
    0.8386444444444444,
    0.8409555555555556,
    0.8414888888888888,
    0.8414666666666667,
    0.8424,
    0.8403333333333334,
    0.8389111111111112
  ],
  "val_acc": [
    0.5382,
    0.5918,
    0.6188,
    0.642,
    0.6694,
    0.6782,
    0.6988,
    0.6964,
    0.704,
    0.726,
    0.7136,
    0.7464,
    0.7282,
    0.7546,
    0.7474,
    0.7454,
    0.7554,
    0.7626,
    0.769,
    0.77,
    0.7748,
    0.7756,
    0.7714,
    0.7812,
    0.797,
    0.7842,
    0.798,
    0.7712,
    0.798,
    0.7996,
    0.7924,
    0.796,
    0.8016,
    0.799,
    0.8096,
    0.8056,
    0.808,
    0.8114,
    0.8152,
    0.8142,
    0.8188,
    0.8156,
    0.812,
    0.814,
    0.816,
    0.8246,
    0.815,
    0.8228,
    0.827,
    0.8238,
    0.8286,
    0.822,
    0.8312,
    0.823,
    0.8276,
    0.8264,
    0.8318,
    0.832,
    0.8306,
    0.8322,
    0.8294,
    0.8334,
    0.8358,
    0.8356,
    0.8356,
    0.835,
    0.8338,
    0.8362,
    0.8346,
    0.8342,
    0.8342,
    0.8364,
    0.835,
    0.836,
    0.8356,
    0.8378,
    0.837,
    0.8364,
    0.8362,
    0.834
  ],